title,director,country,release_year,rating,duration,listed_in,description
For Greater Glory,Dean Wright,Mexico,2012,,145 min,"Dramas, International Movies","When a vicious war against Catholics is waged in Mexico in the 1920s, a retired general joins the militia fighting to preserve religious freedom."
The Gift,Sam Raimi,United States,2000,4,112 min,"Dramas, Thrillers","When the authorities find a drowned woman's body, a small-town psychic starts having visions of who committed the murder."
Furthest Witness,Adam Del Giudice,"United States, United Kingdom",2017,5,88 min,"Dramas, Thrillers","Kyle helps people disappear, but when a crazed killer starts hunting down his latest client, he has to decide what he's willing to do to keep her safe."
6-5=2,Bharat Jain,India,2014,9,103 min,"Horror Movies, International Movies, Thrillers","Six friends decide to undertake a grueling mountain trek, only to find that the difficulties in store for them are not merely physical."
14 Cameras,"Scott Hussion, Seth Fuller",United States,2018,,89 min,"Horror Movies, Thrillers","Upping the “13 Cameras” ante, this sequel finds a family renting a vacation house that’s been customized to violate their privacy."
Small Town Crime,"Ian Nelms, Eshom Nelms",United States,2017,7,92 min,Thrillers,"When a disgraced ex-cop discovers a dying woman, he's compelled to track down her killer – an act of self-redemption that takes him down a dark path."
Street Flow,"Leïla Sy, Kery James",France,2019,,96 min,"Dramas, International Movies","Three brothers – a gangster, a scholar and an impressionable teen – learn hard lessons in the gritty suburbs while searching for the means to survive."
The Squid and the Whale,Noah Baumbach,United States,2005,,81 min,"Comedies, Dramas, Independent Movies",This insightful drama looks at the crumbling marriage between a self-centered novelist – whose career is waning – and his up-and-coming writer wife.
John & Yoko: Above Us Only Sky,Michael Epstein,United Kingdom,2018,5,90 min,"Documentaries, Music & Musicals","Featuring interviews and never-before-seen footage, this film tells the story behind John Lennon and Yoko Ono’s seminal 1971 album, “Imagine.”"
Dabbe 6: The Return,Hasan Karacadağ,Turkey,2015,5,153 min,"Horror Movies, International Movies","A cardiologist tries to pinpoint the cause of her mother's sudden death as her sister, who witnessed it, claims malevolent demons are at play."
Monster High: Fright On!,"Victor Dal Chele, Alfred Gimeno",United States,2011,,46 min,Children & Family Movies,"Big changes are afoot at Monster High when administrators announce a merger with two other schools, designed to bring all monsters together."
GHOUL,Patrick Graham,India,2018,,1 Season,"International TV Shows, TV Dramas, TV Horror","When a new prisoner at a military detention center exhibits eerie behavior, a young interrogator’s search for the truth becomes a battle for survival."
Clinical,Alistair Legrand,United States,2017,5,104 min,"Horror Movies, Thrillers",A psychiatrist is plagued by flashbacks to a terrifying attack as she treats a new patient who was horribly disfigured in an accident.
The Pirates of Somalia,Bryan Buckley,"Somalia, Kenya, Sudan, South Africa, United States",2017,5,118 min,Dramas,An aspiring journalist travels to Somalia in hopes of making a name for himself by covering dangerous pirates and hijackers.
Outside In,Lynn Shelton,United States,2018,,110 min,"Dramas, Independent Movies","After serving time for a crime he didn’t commit, a 38-year-old man forms a complicated, life-altering bond with the woman who advocated for his early release."
Dr. Seuss' The Cat in the Hat,Bo Welch,United States,2003,,82 min,"Children & Family Movies, Comedies","While Mom is away, a bored little boy and girl are visited by the Cat in the Hat, who proceeds to turn the house into the ""mother of all messes."""
Mater,Pablo D'Alo Abba,Argentina,2017,,80 min,"Dramas, Independent Movies, International Movies",A single man in his 30s overwhelmed by his domineering mother meets a lesbian couple willing to go to extreme lengths to have a child.
De Film van Dylan Haegens,"Dylan Haegens, Bas van Teylingen",Netherlands,2018,,81 min,"Comedies, International Movies",A YouTuber becomes obsessed with figuring out how his copycat archnemesis manages to steal all of his ideas.
Lavell Crawford: Can a Brother Get Some Love?,Michael Drumm,United States,2011,10,81 min,Stand-Up Comedy,"""Last Comic Standing"" runner-up Lavell Crawford lords over a hometown crowd at St. Louis's Orpheum Theatre, raking in the love – and the laughs."
R.L. Stine's Mostly Ghostly,Richard Correll,United States,2008,,98 min,"Children & Family Movies, Comedies","After discovering a pair of young ghosts, a nebbish 11-year-old agrees to help the sibling spirits solve the mystery surrounding their demise."
A Witches' Ball,Justin G. Dyck,Canada,2017,,91 min,Children & Family Movies,"Beatrix can't wait to be inducted as a witch, but an unfortunate incident threatens to take her pending title away if she doesn't act fast."
Mi Obra Maestra,Gastón Duprat,"Argentina, Spain",2018,5,105 min,"Comedies, International Movies","A sly art dealer tries to revive the career of his longtime pal, a surly painter, with a risky plan that tests their morals and friendship."
The Unknown Girl,"Jean-Pierre Dardenne, Luc Dardenne","Belgium, France",2016,4,106 min,"Dramas, International Movies",A guilt-ridden doctor in a Belgian town tries to uncover the identity of a woman who died after being turned away from her office.
Inhuman Kiss,Sittisiri Mongkolsiri,Thailand,2019,,122 min,"Horror Movies, International Movies, Romantic Movies",A teenage girl is caught between the affections of two childhood friends while battling the bloodthirsty demon inside of her that manifests at night.
Deathgrip,Clay Porter,United Kingdom,2017,,53 min,"International Movies, Sports Movies",Mountain bikers – including legend Brendan Fairclough – put their skills to the test and engage in daring feats set against vivid backdrops.
Bebe's Kids,Bruce W. Smith,United States,1992,5,73 min,Comedies,"When ladies' man Robin meets Jamika, he falls head over heels, but she greets him with four surprises: her son and her girlfriend Bebe's three kids."
Jerry Before Seinfeld,Michael Bonfiglio,United States,2017,5,62 min,Stand-Up Comedy,"Jerry Seinfeld returns to the club that gave him his start in the 1970s, mixing iconic jokes with stories from his childhood and early days in comedy."
You're My Boss,Antoinette Jadaone,Philippines,2015,,117 min,"Comedies, International Movies, Romantic Movies","Pong, a corporate assistant, poses as his company’s president in order to help Georgina, a marketing executive, close a crucial business deal."
The Wandering Earth,Frant Gwo,China,2019,,125 min,"International Movies, Sci-Fi & Fantasy",A looming collision with Jupiter threatens Earth as humans search for a new star. The planet's fate now lies in the hands of a few unexpected heroes.
Queen of the Desert,Werner Herzog,"United States, Morocco",2015,5,128 min,Dramas,"Driven beyond the bounds of convention, adventurer Gertrude Bell leaves turn-of-the-century Britain behind for the deserts of the Middle East."
Manhunt,John Woo,"China, Hong Kong",2017,,109 min,"Action & Adventure, International Movies",A Chinese pharmaceutical lawyer framed for a vile crime teams up with a sharp-witted Japanese detective to stop a dangerous corporate plot.
Flying Guillotine 2,"Kang Cheng, Shan Hua",Hong Kong,1978,,88 min,"Action & Adventure, International Movies","The emperor's reign of terror expands. Heroic outlaw Ma Teng joins a squad of female rebels, whose leader is torn between family loyalties."
You Can Tutu,James Brown,United Kingdom,2017,,87 min,Children & Family Movies,A gifted young ballet dancer struggles to find her footing in an uptight ballet school that brings her and her family to a brand-new neighborhood.
Jab Harry Met Sejal,Imtiaz Ali,India,2017,8,142 min,"Comedies, International Movies, Romantic Movies",A philandering tour guide in Europe begins to develop feelings for one of his clients while helping her search for her lost engagement ring.
Chelsea Peretti: One of the Greats,Lance Bangs,United States,2014,,75 min,Stand-Up Comedy,"""Brooklyn Nine-Nine"" star Chelsea Peretti showcases her diverse talents in this dark yet silly reimagining of the comedy special."
The Waterboy,Frank Coraci,United States,1998,10,90 min,"Comedies, Sports Movies",A water boy for a college football team has a rage that makes him a tackling machine whose bone-crushing power might vault his team into the playoffs.
Grego Rossello: Disculpe las molestias,Juani Libonatti,Argentina,2019,5,65 min,Stand-Up Comedy,"Argentine comedian Grego Rossello takes the stage in Buenos Aires to share his takes on modern stardom, airline dining, brotherly love and more."
Yes or No,Saratswadee Wongsomphet,Thailand,2010,9,111 min,"International Movies, LGBTQ Movies, Romantic Movies","Traditional girl Pie is initially uncomfortable with her tomboyish new roommate. But as time goes on, she finds herself increasingly attracted to her."
Act of Vengeance,Mahsun Kırmızıgül,"Turkey, United States",2010,,112 min,"Action & Adventure, International Movies","Two Turkish agents are sent to New York City on a mission to capture a notorious terrorist known only as ""Dejjal"" (Arabic for Antichrist)."
Galih dan Ratna,Lucky Kuswandi,Indonesia,2017,,111 min,"Dramas, International Movies, Romantic Movies",Sparks fly between the new girl at school and the misfit with a passion for music. Yet the world threatens to put a stop to their innocent love song.
The Tree of Blood,Julio Medem,Spain,2018,5,136 min,"Dramas, Independent Movies, International Movies","As a young couple write the story of their families' shared history, both reveal their relatives' dark secrets and one must make a painful confession."
Kill Ratio,Paul Tanter,United States,2016,,87 min,Action & Adventure,"Posing as a telecom salesman at a business conference, a CIA agent fights to protect a fledgling Eastern European democracy from a military coup."
One Last Thing,Tim Rouhana,United States,2018,6,92 min,Dramas,"After 25 years of searching, a lonely dentist finds his long-lost daughter but learns that she suffers from a rare medical condition."
Russell Peters: Almost Famous,Dave Higby,United States,2016,4,73 min,Stand-Up Comedy,"The comic comes home to Toronto to sound off on cultural quirks, kids' furniture and bathroom visits, reveling in all things ridiculously human."
Franco Escamilla: Bienvenido al mundo,Ulises Valencia,Mexico,2019,6,54 min,Stand-Up Comedy,"Comedian Franco Escamilla shares stories about parenting his children when they get into trouble, with reflections on gender, friendship and romance."
Ghanchakkar,Raj Kumar Gupta,India,2013,,129 min,"Comedies, International Movies, Thrillers","Former con artist Sanju surrounds himself with the finer things, a blissful life troubled by only one thing: his wife, who wants even more."
A Heavy Heart,Thomas Stuber,Germany,2015,,109 min,"Dramas, Independent Movies, International Movies","Long past his heyday, a still-virile boxer tries to reconnect with his daughter as he confronts the onset of a terminal, degenerative neural disorder."
A Billion Colour Story,Padmakumar Narasimhamurthy,India,2016,,104 min,"Dramas, Independent Movies, International Movies",The curious child of idealistic interfaith parents observes an increasingly intolerant world as his family faces financial strain.
Sat Sri Akal,Kamal Sahani,India,2008,4,141 min,"Dramas, Faith & Spirituality, International Movies","Based on true events, this moving story centers on a Punjabi family whose celebration of their faith endures in the face of conflicting attitudes."
Rattlesnake,Zak Hilditch,United States,2019,8,86 min,"Horror Movies, Independent Movies, Thrillers","After a mysterious woman saves her daughter from a deadly snakebite, a single mother must repay the debt by killing a stranger before sundown."
Rowdy Rathore,Prabhu Deva,India,2012,,137 min,"Action & Adventure, Comedies, International Movies","A con man uncovers a deadly secret and must save his lady love, the little girl who insists she's his daughter and the small-town locals from the mob."
Naruto the Movie 2: Legend of the Stone of Gelel,Hirotsugu Kawasaki,Japan,2005,,97 min,"Action & Adventure, Anime Features, International Movies","While on a mission to return a missing pet, Naruto and two fellow ninjas are ambushed by brutal knights led by the enigmatic Temujin."
Beiimaan Love,Rajeev Chaudhari,India,2016,,115 min,"Dramas, International Movies, Romantic Movies","After having her heart broken by a man who seduced her at a party, a young, ambitious woman concocts a scheme to get revenge."
Rocky,John G. Avildsen,United States,1976,,120 min,"Action & Adventure, Classic Movies, Dramas","Sylvester Stallone shot to fame as Rocky Balboa, an unknown fighter who's given a shot at fighting world champ Apollo Creed as a publicity stunt."
The Prison,Na Hyeon,South Korea,2017,,125 min,"Action & Adventure, Dramas, International Movies",A cop-turned-convict discovers a crime syndicate inside a prison lorded over by an inmate crime boss – and joins in on their nightly heists.
Todd Glass: Stand-Up Special,Jay Chapman,United States,2012,10,46 min,Stand-Up Comedy,"Standup comedian Todd Glass gets right down to it, with sly observations on accepting directions, denying compliments and being afraid of the dark."
Gosford Park,Robert Altman,"United States, United Kingdom, Italy",2001,4,137 min,"Comedies, Dramas, International Movies","In this witty whodunit, wealthy guests and their servants gather for a weekend stay at the home of Sir William McCordle, who is soon found murdered."
"Monty Python Live (Mostly): One Down, Five to Go",Eric Idle,United Kingdom,2014,,137 min,Comedies,"Live from London in a sold-out final show, surviving members of the British comedy troupe reprise old roles and break out in irreverent song and dance."
Çarsi Pazar,Muharrem Gülmez,Turkey,2015,10,97 min,"Comedies, International Movies",The slacker owner of a public bath house rallies his community to save it when a big developer comes to town to close it down and open a new mall.
Naruto the Movie: Ninja Clash in the Land of Snow,Tensai Okamura,Japan,2004,9,83 min,"Action & Adventure, Anime Features, International Movies","Naruto, Sasuke and Sakura learn they'll be protecting an actress from being hurt while making her next film, but it turns out she's a princess."
The Music of Silence,Michael Radford,Italy,2017,,115 min,"Dramas, International Movies, Music & Musicals","Based on the autobiography by tenor Andrea Bocelli, this musical biopic chronicles his life from his bumpy childhood to his meteoric rise to fame."
"Club de Cuervos Presents: I, Potro",Marcos Bucay,"Mexico, Argentina",2018,,51 min,Movies,Former Club de Cuervos player Potro returns home to Argentina to crash the wedding of his famous soccer-star brother and confront his estranged family.
Jenny Slate: Stage Fright,Gillian Robespierre,United States,2019,,67 min,"Documentaries, Stand-Up Comedy","Jenny Slate's first stand-up special is a mix of stage time, funny stories about adulthood and conversations with family in her childhood home."
Kath & Kimderella,Ted Emery,Australia,2012,10,86 min,Comedies,"Chipper baby boomer Kath, diva daughter Kim and hapless pal Sharon visit Papilloma, Italy, where a royal romance and knockoff fashions await."
Consequences ,Ozan Açıktan,Turkey,2014,7,106 min,"Dramas, International Movies, Thrillers",Secrets bubble to the surface after a sensual encounter and an unforeseen crime entangle two friends and a woman caught between them.
House Arrest,"Shashanka Ghosh, Samit Basu",India,2019,,105 min,"Comedies, Independent Movies, International Movies",A world-weary man’s self-imposed home confinement becomes a comedy of errors with the simultaneous arrivals of a peculiar package and a curious journalist.
Trolls Holiday Special,Joel Crawford,United States,2017,4,27 min,"Children & Family Movies, Comedies, Music & Musicals","When Queen Poppy realizes that Bridget and the Bergens don't have any holidays, she hatches a plan for Branch and the Snack Pack to help create one."
Winter's Bone,Debra Granik,United States,2010,,100 min,"Dramas, Independent Movies","In this unflinching noir drama, a resilient teen goes on the trail of her missing, drug-dealing father when his absence threatens the family's safety."
Carlos Ballarta: El amor es de putos,"Jan Suter, Raúl Campos Delgado",Mexico,2016,7,67 min,Stand-Up Comedy,"Carlos Ballarta mocks daily life in Mexico, including public transit, the education system and the corn seller who betrays your confidence."
Article 15,Anubhav Sinha,India,2019,,125 min,"Dramas, International Movies, Thrillers",The grim realities of caste discrimination come to light as an entitled but upright city cop ventures into India’s heartland to investigate a murder.
"As Above, So Below",John Erick Dowdle,United States,2014,8,93 min,"Horror Movies, Thrillers",A beautiful tomb raider and her crew hunt for treasure in the catacombs of Paris and find themselves in a hellish underworld.
42 Grams,Jack C. Newell,United States,2017,4,81 min,Documentaries,"After launching a successful underground restaurant out of their apartment, an ambitious chef and his wife open an all-consuming upscale eatery."
Saving Capitalism,Jacob Kornbluth,United States,2017,5,73 min,Documentaries,Former Secretary of Labor Robert Reich meets with Americans from all walks of life as he chronicles a seismic shift in the nation's economy.
Forbidden Games: The Justin Fashanu Story,"Jon Carey, Adam Darke",United Kingdom,2017,,81 min,"Documentaries, International Movies, LGBTQ Movies","This documentary chronicles the tragic, true story of Justin Fashanu, the first – and only – openly gay man to have played professional soccer."
For Here or to Go?,Rucha Humnabadkar,"United States, India",2015,5,105 min,"Comedies, Dramas, Independent Movies",A software engineer must decide if he'd rather navigate America's frustrating visa renewal process or simply return to his home country of India.
Hero,Corey Yuen,"Hong Kong, China",1997,,89 min,"Action & Adventure, International Movies","A pugilist from Shantung struggles to rise to the top of the Shanghai triad ladder, where his stellar martial arts talents can shine."
Jeremy Scott: The People's Designer,Vlad Yudin,United States,2015,7,109 min,Documentaries,The journey of fashion designer Jeremy Scott from humble roots on a Missouri farm to creative director of Moschino is charted in this documentary.
1st Summoning,Raymond Wood,United States,2018,,94 min,"Horror Movies, Independent Movies","Student filmmakers uncover occult rituals tied to an abandoned warehouse, then gradually realize the horror is closer than they think."
Flash of Genius,Marc Abraham,"Canada, United States",2008,,119 min,Dramas,A college professor goes up against the giants of the auto industry when they fail to give him credit for inventing intermittent windshield wipers.
In the Shadow of the Moon,Jim Mickle,United States,2019,4,116 min,"Dramas, Sci-Fi & Fantasy, Thrillers",A Philadelphia detective slowly unravels as he nurses a lifelong obsession with an enigmatic female serial killer whose crimes defy explanation.
Arthur,Jason Winer,United States,2011,,110 min,"Comedies, Romantic Movies",Russell Brand stars in this remake as a philanderer who must decide whether to give up an inheritance of millions for the sake of romance.
Pandigai,Feroz,India,2017,9,125 min,"Action & Adventure, Dramas, International Movies","Looking for a way out of his impoverished life, a lowly hotel waiter joins an underground fight club. Then he needs a way out of that."
Punjab 1984,Anurag Singh,"Canada, India",2014,8,158 min,"Dramas, International Movies","During a time of political turmoil, a mother goes on a journey in search of her missing son, who has been misjudged and labeled a terrorist."
"The Goods: Live Hard, Sell Hard",Neal Brennan,United States,2009,8,89 min,Comedies,"Hired to rescue a flagging car dealership during a major sale, a fast-talking closer spends his days on the lot and his nights at local strip clubs."
He Never Died,Jason Krawczyk,"United States, Canada",2015,8,97 min,"Comedies, Horror Movies",A reclusive immortal who needs human flesh but tries to stay clean finds himself cast back into society by a gang of thugs and his estranged daughter.
Target,Raditya Dika,Indonesia,2018,7,91 min,"Comedies, Horror Movies, International Movies","Trapped in an empty building, nine people are forced to play a lethal game. All their movements will be recorded, and only one player can survive."
Pareeth Pandaari,Gafoor Y. Elliyaas,India,2017,,109 min,"Dramas, Independent Movies, International Movies","As the parents of three unmarried daughters, a humble cook and his wife contend with the challenges of matchmaking and social expectations."
Görümce,Kıvanç Baruönü,Turkey,2016,5,104 min,"Comedies, International Movies, Music & Musicals","When his jealous sister plots to wreck his engagement, a young man does everything he can to protect his betrothed from her devious schemes."
Just Another Love Story,Ole Bornedal,Denmark,2007,,104 min,"Dramas, International Movies","When he causes a car accident that leaves a young woman with amnesia, a man finds himself telling incredible lies to make her and her family happy."
Hisss,Jennifer Lynch,"India, United States",2010,9,97 min,"Horror Movies, International Movies, Thrillers","In a plot to bait the snake-goddess Nagin for her immortality-granting essence, George States journeys to India and abducts her reptilian lover."
Naruto Shippuden: The Movie,Hajime Kamegaki,Japan,2007,9,95 min,"Action & Adventure, Anime Features, International Movies","The adventures of adolescent ninja Naruto Uzumaki continue as he's tasked with protecting a priestess from a demon – but to do so, he must die."
Deewana Main Deewana,K.C. Bokadia,India,2013,10,107 min,"Comedies, Dramas, International Movies",A man's instant attraction to a woman becomes an obsession as he adopts a friend's identity and even commits murder in order to get closer to her.
Like Water for Chocolate,Alfonso Arau,Mexico,1992,8,105 min,"Classic Movies, Dramas, International Movies","When Pedro marries her sister, Tita throws herself into her cooking – and discovers she can transfer her emotions through the food she prepares."
Pedal the World,Felix Starck,Germany,2015,8,85 min,"Documentaries, International Movies, Sports Movies","Over the course of one memorable and adventure-filled year, Felix Starck documents his 18,000-kilometer bicycle journey across 22 countries."
Clarence Clemons: Who Do I Think I Am?,Nick Mead,United States,2019,8,88 min,"Documentaries, Music & Musicals",This intimate documentary follows the life of legendary saxophonist Clarence Clemons and his spiritual awakening before his death in 2011.
"Houston, We Have a Problem!",Ziga Virc,"Slovenia, Croatia, Germany, Czech Republic, Qatar",2016,,84 min,"Comedies, Independent Movies, International Movies","Blending fact with myth, this conspiracy-minded docufiction argues that the U.S. purchased Yugoslavia's secret space program in the 1960s."
Geronimo Stilton,Guy Vasilovich,"Italy, Canada, France",2011,,1 Season,"Kids' TV, TV Comedies","With the help of brainy and adventurous sidekicks, New Mouse City's favorite journalist investigates mysteries that take him around the world,"
Awake,"Aleksandr Chernyaev, Fedor Lyass",United States,2019,,92 min,Thrillers,"After an accident leaves him with no recollection of who he is, a man becomes a prime suspect in the search for a serial killer targeting young women."
Goon,Michael Dowse,"United States, Canada",2011,9,92 min,"Comedies, Sports Movies","When he's seen dispatching a rude opposing hockey player in the stands, Doug Glatt is hired by a rival team ... for his fighting skills."
Neruda,Pablo Larraín,"Chile, Argentina, France, Spain, United States",2016,5,108 min,"Dramas, International Movies","When a Chilean policeman vows to find and capture leftist poet Pablo Neruda, a game of cat and mouse ensues that tests both their wills."
Brooklyn's Finest,Antoine Fuqua,United States,2009,,133 min,"Dramas, Thrillers","Three cops find themselves hurtling toward the same crime scene on one fatal night in this tense, edge-of your-seat thriller."
White Fang,Alexandre Espigares,"France, Luxembourg, United States",2018,,88 min,"Children & Family Movies, Dramas",A loyal wolfdog's curiosity leads him on the adventure of a lifetime while serving a series of three distinctly different masters.
Next Enti?,Kunal Kohli,India,2018,9,117 min,"Comedies, Dramas, International Movies","Clashing views on intimacy lead a couple to go their separate ways to reflect on commitment and companionship, before suddenly crossing paths again."
Agyaat,Ram Gopal Varma,India,2009,,97 min,"Horror Movies, International Movies",A film crew shooting in a remote forested location begins losing members one by one to a mysterious entity that they cannot see or hear.
Employee of the Month,Greg Coolidge,United States,2006,6,108 min,"Comedies, Romantic Movies",Warehouse workers Vince and Zack compete in a full-on war to be named Employee of the Month and win a date with their dream girl.
"Michael Bolton's Big, Sexy Valentine's Day Special","Scott Aukerman, Akiva Schaffer",United States,2017,10,54 min,"Comedies, Music & Musicals, Romantic Movies","After Santa tells him he needs 75,000 new babies by Christmas to meet toy supply, Michael Bolton hosts a telethon to inspire the world to make love."
The Tigers of Scotland,Leanne Gater,United Kingdom,2017,,58 min,Documentaries,"This documentary highlights the endangered existence of the Scottish wildcats, and the conservation efforts required to prevent their extinction."
Cities of Last Things,Wi Ding Ho,"Taiwan, China, France, United States",2018,8,106 min,"Dramas, Independent Movies, International Movies","In a dystopian tale unfolding in reverse chronology, a man with a complicated past takes revenge on the individuals who wronged him decades ago."
Seven Sundays,Cathy Garcia-Molina,Philippines,2017,,128 min,"Comedies, Dramas, International Movies","A dying father asks his busy and grown children to spend their Sundays with him, forcing his family to confront their issues before it's too late."
Bilu Rakkhosh,Indrasis Acharya,India,2017,,127 min,"Dramas, International Movies","Torn between his demanding corporate career, his passion for music and his turbulent family life, a man struggles to keep his inner demons in check."
Kajraare,Pooja Bhatt,India,2010,10,113 min,"Dramas, International Movies, Music & Musicals","A popular singer on the run poses as a bartender and falls in love with a prostitute, but their love is threatened by a violent incident in his past."
Toc Toc,Vicente Villanueva,Spain,2017,7,96 min,"Comedies, International Movies","A group of patients with OCD wait for their flight-delayed doctor to arrive for their appointments, forcing them to endure each other's oddball quirks."
Indiana Jones and the Temple of Doom,Steven Spielberg,United States,1984,,119 min,"Action & Adventure, Children & Family Movies, Classic Movies","Indiana Jones, his young sidekick and a spoiled songbird get more than they bargained for when they go to India in search of a missing magical stone."
Raging Bull,Martin Scorsese,United States,1980,,129 min,"Classic Movies, Dramas, Sports Movies","This gritty biopic of brutal boxer Jake LaMotta portrays a tormented soul rising to the top of his sport, only to be undone by his demons."
You Changed My Life,Cathy Garcia-Molina,Philippines,2009,,116 min,"Comedies, Dramas, International Movies","Laida and Miggy think they've found perfect happiness with each other, until their burgeoning careers force them into a long-distance relationship."
#Roxy,Michael Kennedy,Canada,2018,,105 min,"Comedies, Romantic Movies",A teenage hacker with a huge nose helps a cool kid woo a girl that he’s secretly in love with.
Attacking the Devil: Harold Evans and the Last Nazi War Crime,"David Morris, Jacqui Morris",United Kingdom,2014,,102 min,"Documentaries, International Movies",Intrepid newspaper editor Harold Evans wages an ongoing battle to expose the truth about a dangerous drug and obtain compensation for its victims.
Mariah Carey's Merriest Christmas,James Yukich,United States,2015,,38 min,"Children & Family Movies, Music & Musicals","Pop music superstar Mariah Carey hosts this all-star holiday celebration with special guests and a celebrity reading of ""The Night Before Christmas."""
Shelby American,"Nate Adams, Adam Carolla",United States,2019,9,119 min,"Documentaries, Sports Movies","Featuring interviews and vintage footage, this documentary traces American icon Carroll Shelby's life of reinvention from farmer to racer to entrepreneur."
Aurora,Yam Laranas,Philippines,2018,,98 min,"Horror Movies, International Movies",A fatal shipwreck spurs an islander innkeeper and her sister to recover the missing victims' bodies – until the dead come seeking shelter themselves.
The Chosen One,Michel Tikhomiroff,Brazil,2019,10,1 Season,"International TV Shows, TV Dramas, TV Mysteries","Determined to bring a Zika vaccine to the remote Pantanal, three doctors clash with a faith healer and are pulled deeper into the mysteries of his cult."
Something Huge,Carlo Padial,Spain,2017,7,87 min,"Comedies, Independent Movies, International Movies","A director and a comedian want to shoot the ""comedy of the future"" and make cinema history, but soon run out of resources and run into mission creep."
Cristela Alonzo: Lower Classy,Marcus Raboy,United States,2017,,67 min,Stand-Up Comedy,"The irrepressible Alonzo skewers Latino stereotypes, pricey luxuries and her mother's tough-love parenting in a night of sly and infectious comedy."
Battle,Katarina Launing,"Norway, Denmark, Netherlands, Sweden",2018,8,98 min,"Dramas, International Movies, Romantic Movies","After Amalie's dad goes bankrupt, the young dancer's affluent life collapses. But she finds a new beat to follow after meeting hip-hop dancer Mikael."
Ginger & Rosa,Sally Potter,"United Kingdom, Denmark, Canada, Croatia",2012,,90 min,"Dramas, Independent Movies","With the Cold War looming over them, teen best pals Ginger and Rosa share everything in early 1960s London – until betrayal drives them apart."
Superlopez,Javier Ruiz Caldera,Spain,2018,,108 min,"Action & Adventure, Comedies, International Movies","In this adaptation of the comic strip, Juan López must balance an office job with heroic feats to save the love of his life and native planet Chitón."
1 Mile to You,Leif Tilden,United States,2017,,105 min,"Dramas, Romantic Movies, Sports Movies","After escaping the bus accident that killed his girlfriend, a high school student channels his grief into running, with the help of a new coach."
Under the Shadow,Babak Anvari,"United Kingdom, Jordan, Qatar, Iran",2016,5,84 min,"Horror Movies, International Movies, Thrillers","During the Iran-Iraq conflict, a Tehran woman caring for her daughter while her husband is at war is gradually convinced evil spirits are at work."
Matichya Chuli,"Sudesh Manjrekar, Atul Kale",India,2006,,132 min,"Comedies, Dramas, International Movies","A jealous, possessive mother thinks she is competing with her new daughter-in-law for the affections of her overindulged son."
Nova: Ultimate Mars Challenge,Gail Willumsen,United States,2012,,53 min,Movies,"With access to the scientists and engineers responsible for the Curiosity rover's on-the-ground experiments, NOVA captures its landing on Mars."
How to Be a Player,Lionel C. Martin,United States,1997,,94 min,Comedies,"Dray lives life one woman at a time and is the envy of all his friends, until his sister decides to show him the error of his philandering ways."
The Skin of the Wolf,Samu Fuentes,Spain,2018,5,110 min,"Dramas, Independent Movies, International Movies",An animal trapper living in an abandoned mountain town in northern Spain seeks to resolve his loneliness by securing a wife.
Be Somebody,Joshua Caldwell,United States,2016,6,88 min,"Comedies, Dramas, Romantic Movies","To escape the stress of fame, teen pop star Jordan goes incognito in a small town, where he forms a special bond with high school art student Emily."
The Game,David Fincher,United States,1997,9,129 min,Thrillers,"Nicholas receives an unusual birthday present from his brother, Conrad – a gift certificate to play a unique kind of game formulated by ""CRS."""
Transcendence,Wally Pfister,"United Kingdom, China, United States",2014,,119 min,"Sci-Fi & Fantasy, Thrillers",Two computer scientists work to achieve technological singularity to create a world where computers can transcend the abilities of the human brain.
Locke,Steven Knight,"United Kingdom, United States",2013,5,85 min,"Dramas, Independent Movies","Over the space of 90 minutes, Ivan Locke's life spins out of control via a series of phone calls made while he drives down the highway to London."
Hayat Öpücügü,Şenol Sönmez,Turkey,2015,,98 min,"Comedies, Dramas, International Movies","High-strung Metin finally stops seeing doom and gloom around every corner when he meets vivacious Hayat, but she has her own soul-searching to do."
It's Now or Never,Maria Ripoll,Spain,2015,,91 min,"Comedies, International Movies, Romantic Movies","When Eva and Alex decide to wed in England, where they met three years earlier, obstacles including a labor strike and a volcano keep them apart."
Bobbi Jene,Elvira Lind,"Denmark, Sweden, Israel, United States",2017,4,99 min,Documentaries,This candid profile follows dancer Bobbi Jene Smith as she leaves the company of Israeli choreographer Ohad Naharin to forge her own artistic path.
Moonwalkers,Antoine Bardou-Jacquet,"France, Belgium",2015,,96 min,"Action & Adventure, Comedies, International Movies","A brain-addled war vet, a failing band manager and a Stanley Kubrick impersonator help the CIA construct an epic scam by faking the 1969 moon landing."
Do Dooni Chaar,Habib Faisal,India,2010,8,106 min,"Comedies, International Movies","A struggling math teacher holds down a second job to keep his family afloat. But when he receives a wedding invitation, he's determined to attend."
A Little Chaos,Alan Rickman,United Kingdom,2014,,113 min,"Dramas, Independent Movies, International Movies","A willful young woman is hired to design a garden at Versailles for Louis XIV. Soon, she's ensnared in political and romantic complications."
Revenge of the Green Dragons,"Andrew Lau Wai-Keung, Andrew Loo","Hong Kong, United States",2014,10,95 min,"Action & Adventure, Dramas, Independent Movies","In gritty 1980s New York, two Chinese immigrant boys rise through the ranks of the infamous Green Dragons gang, where they're trained to kill."
Me and the Alien,Jesús Magaña Vázquez,Mexico,2016,7,83 min,"Comedies, Dramas, International Movies","Hoping to pump up their sound, a punk band hires Pepe, a keyboardist with Down Syndrome, but tensions erupt when he steals the show with his talent."
Malena Pichot: Estupidez compleja,"Raúl Campos, Jan Suter",Argentina,2018,,51 min,Stand-Up Comedy,"An Argentine comedian espouses the values of feminism, speaking on topics like sex, language, abortion and why it's OK to let a man buy you dinner."
Nowhere Man,DJ Chen,Taiwan,2019,5,1 Season,"Crime TV Shows, International TV Shows, TV Action & Adventure","Two nefarious schemes taking place 10 years apart entangle a dauntless triad member, who must break out of prison to rescue a loved one."
Miss Hokusai,Keiichi Hara,Japan,2015,9,90 min,Anime Features,"Herself a talented artist, O-Ei works with her father, Tetsuzo, later known as Hokusai, on the woodblock prints that would make Edo famous worldwide."
Kacche Dhaagey,Buta Singh,India,2016,9,120 min,"Dramas, International Movies, Romantic Movies","While visiting India for her cousin's wedding, a Canadian girl develops strong feelings for a boy from a lower caste."
Coco y Raulito: Carrusel de ternura,"Raúl Campos, Jan Suter",Mexico,2018,,57 min,Stand-Up Comedy,"A study in contrasts, comedy partners and good friends Coco Celis and Raúl Meneses alternate separate stand-up sets for double the laughs."
Running Shaadi,Amit Roy,India,2017,,115 min,"Comedies, International Movies, Romantic Movies","A Bihari migrant runs a successful service to help couples elope, until the daughter of his former boss stirs the pot."
Kidnapping Mr. Heineken,Daniel Alfredson,"Netherlands, Belgium, United Kingdom, United States",2015,10,95 min,"Action & Adventure, Dramas, International Movies","When beer magnate Alfred ""Freddy"" Heineken is kidnapped in 1983, his abductors make the largest ransom demand in history."
XXx,Rob Cohen,United States,2002,6,124 min,"Action & Adventure, Sports Movies",A notorious underground rush-seeker deemed untouchable by the law is coerced into cooperating with the government to infiltrate a Russian crime ring.
Big Kill,Scott Martin,United States,2018,6,126 min,Action & Adventure,A tenderfoot and two gamblers seeking their fortunes in a boom town instead find themselves defending it from a gunslinging preacher and his gang.
The Mayor,Park In-je,South Korea,2017,7,130 min,"Dramas, International Movies","With the presidency in mind, the incumbent mayor of Seoul runs for an unprecedented third term – and will stop at nothing to keep his secrets hidden."
Tig,"Kristina Goolsby, Ashley York",United States,2015,,92 min,"Documentaries, Stand-Up Comedy",Comedian Tig Notaro announced her cancer diagnosis at what became a legendary stand-up set in 2012. Follow her search for humor amid devastating news.
Shorts,Robert Rodriguez,"United States, United Arab Emirates",2009,,89 min,"Children & Family Movies, Comedies",Chaos erupts when locals learn that an 11-year-old boy has discovered a mysterious rock that grants the wishes of whoever possesses it.
Big Miracle,Ken Kwapis,"United States, United Kingdom",2012,,107 min,"Children & Family Movies, Dramas","After a reporter writes about whales trapped in the Arctic Circle, the U.S. and U.S.S.R. team up to rescue them in this tale inspired by true events."
Locked Up,Jared Cohn,United States,2017,7,86 min,"Action & Adventure, Dramas, Independent Movies","After getting in a fight at her school in Southeast Asia, an American teen is sent to a correctional facility, where she faces hard labor and abuse."
Maya Memsaab,Ketan Mehta,"France, United Kingdom, India",1993,8,122 min,"Dramas, International Movies, Music & Musicals","A beautiful, wealthy woman’s insatiable appetite for romance leads to tragedy and a police investigation."
Justice,Ahmed Khaled Moussa,United Arab Emirates,2018,9,1 Season,"Crime TV Shows, International TV Shows, TV Dramas","Defying pressure to join her father's firm, a determined young lawyer strikes out on her own and fights to maintain faith in Abu Dhabi's justice system."
Because We're Heading Out,Khaled El Halafawy,Egypt,2016,9,99 min,"Comedies, International Movies",Trouble and high jinks ensue when a man and woman stumble on a bag full of money while out on the town.
Despite Everything,Gabriela Tagliavini,Spain,2019,6,79 min,"Comedies, International Movies, Romantic Movies","After their mother's death, four sisters learn a shocking family secret and embark on an adventure to discover the truth about their genealogy."
Taal,Subhash Ghai,India,1999,,177 min,"Dramas, International Movies, Music & Musicals","Businessman Manav falls for aspiring singer Mansi, but their romance faces an uphill climb when Manav must depart and Mansi's suave manager moves in."
The Time Traveler's Wife,Robert Schwentke,United States,2009,9,107 min,"Dramas, Romantic Movies, Sci-Fi & Fantasy","Due to a genetic disorder, handsome librarian Henry involuntarily zips through time, appearing at various moments in the life of his true love."
Woody Woodpecker,Alex Zamm,United States,2017,4,91 min,"Children & Family Movies, Comedies",A rascally bird with a distinctive laugh pecks back with a vengeance when his forest habitat is threatened by a slick lawyer building his dream home.
Juanita,Clark Johnson,United States,2019,,90 min,"Dramas, Independent Movies, Romantic Movies","Burdened by troubles in life and love, a mother of three grown children searches for hope and healing on an impromptu trip to Paper Moon, Montana."
The Last Exorcism,Daniel Stamm,"France, United States",2010,,88 min,"Horror Movies, Independent Movies, Thrillers","Ready to expose his miraculous deeds as mere trickery, a famed evangelist invites a documentary crew to film his final exorcism."
Kill Hitler! The Luck of the Devil,Frédéric Tonolli,France,2015,7,53 min,"Documentaries, International Movies","From politicians to officers, many attempted to kill Hitler – and failed. This documentary delves into the details of how their plots unraveled."
The River Thief,N.D. Wilson,United States,2016,4,87 min,"Dramas, Independent Movies","A heedless teen drifter who falls for a small-town waitress makes the mistake of robbing a drug lord, putting his life and newfound love in jeopardy."
Boi,Jorge M. Fontana,Spain,2018,,111 min,"Dramas, Independent Movies, International Movies",A young chauffeur who's at a crossroads in his life escorts a pair of clients around Barcelona and becomes embroiled in their mysterious quest.
Deon Cole: Cole Hearted,Ryan Polito,United States,2019,6,70 min,Stand-Up Comedy,"Embracing his belief that comedy is the last raw form of expression, Deon Cole explains the right time to thank Jesus and the wrong time to say ""welp."""
Gerald's Game,Mike Flanagan,United States,2017,5,103 min,"Horror Movies, Thrillers","When her husband's sex game goes wrong, Jessie – handcuffed to a bed in a remote lake house – faces warped visions, dark secrets and a dire choice."
King of Boys,Kemi Adetiba,Nigeria,2018,4,182 min,"Dramas, International Movies","When a powerful businesswoman’s political ambitions are threatened by her underworld connections, the ensuing power struggle could cost her everything."
Jackie: A Tale of Two Sisters,Edward Cotterill,United Kingdom,2017,,44 min,Documentaries,"Rachael Stirling narrates this multifaceted portrait of former First Lady Jacqueline Kennedy Onassis and her younger sister, Lee Radziwill."
Lionheart,Genevieve Nnaji,Nigeria,2018,,95 min,"Comedies, Dramas, Independent Movies","When her father falls ill, Adaeze steps up to run the family business – alongside her uncle – and prove herself in a male-dominated world."
Phantom Boy,"Jean-Loup Felicioli, Alain Gagnol","France, Belgium",2015,8,85 min,"Action & Adventure, Dramas, International Movies",A boy whose illness allows him to float outside his body uses his newfound skill to help a cop take on a madman who's terrorizing New York City.
Surga Yang Tak Dirindukan 2,"Hanung Bramantyo, Meisa Felaroze",Indonesia,2017,7,119 min,"Dramas, Faith & Spirituality, International Movies","In this sequel to the award-winning 2015 film, Pras, Arini and Meirose face new challenges that could change the dynamic of their unique love triangle."
Daagdi Chaawl,Chandrakant Kanse,India,2015,,118 min,"Action & Adventure, Dramas, International Movies",A simple man's peaceful life is complicated when an incident brings him in contact with a gangster and launches his journey into the underworld.
Handsome Devil,John Butler,Ireland,2016,4,95 min,"Comedies, Dramas, International Movies","A self-described outsider is sent to a rugby-obsessed boarding school, where he forms an unexpected bond with the star player."
Heal,Kelly Noonan,United States,2017,9,107 min,Documentaries,"Stories from spiritual leaders, physicians and those with chronic illnesses reveal the powerful connection between the human psyche and physical health."
Danny Says,Brendan Toller,United States,2015,5,103 min,"Documentaries, Music & Musicals","This documentary profiles eccentric publicist Danny Fields, who helped launch the careers of innovative new artists who would become musical icons."
Jagat,Shanjey Kumar Perumal,Malaysia,2015,,76 min,"Dramas, International Movies","In early 1990s Malaysia, a Tamilian boy faces pressure from his immigrant father to focus on school but is drawn to his uncles’ lives of crime."
Movie 43,"Peter Farrelly, Will Graham, Steve Carr, Griffin Dunne, Steve Brill, James Duffy, Jonathan van Tulleken, Elizabeth Banks, Patrik Forsberg, Brett Ratner, Rusty Cundieff, James Gunn",United States,2013,,94 min,Comedies,"An eye-popping cast stars in this sketch-comedy collage, the new millennium's homage to classic anthology films like The Kentucky Fried Movie."
Romantik Komedi 2: Bekarlığa Veda,Erol Özlevi,Turkey,2013,8,105 min,"Comedies, International Movies, Romantic Movies","Didem tries everything to get actor Cem to propose to her, but he's got other things on his mind: a beautiful new co-star and a secret bachelor party."
Kanavu Variyam,Arun Chidambaram,India,2017,,104 min,"Comedies, Dramas, International Movies","Despite doubts from fellow villagers who think he’s crazy, an ambitious dropout commits himself to solving a persistent local electricity crisis."
"Crouching Tiger, Hidden Dragon",Ang Lee,"Taiwan, Hong Kong, United States, China",2000,10,120 min,"Action & Adventure, International Movies, Romantic Movies",A young woman in ancient China longs for an adventurous life rather than a dull arranged marriage in Ang Lee's Oscar-winning martial arts epic.
Dedemin Fisi,Meltem Bozoflu,Turkey,2016,,101 min,"Comedies, International Movies","When a brain-dead family patriarch is about to be taken off life support, his extended family gathers round and plots to see who'll get his money."
The Lives of Others,Florian Henckel von Donnersmarck,Germany,2006,,138 min,"Dramas, International Movies, Thrillers","As a secret police agent eavesdrops on a successful writer in East Germany in 1984, he becomes increasingly fascinated by the man's life and politics."
Submission,J.M. Berrios,United States,2019,5,95 min,"Action & Adventure, Dramas","After a near-death trip home, a Marine looking to help his comrade survive returns to the underground world of MMA, where new battles await."
Monty Python and the Holy Grail,"Terry Gilliam, Terry Jones",United Kingdom,1975,10,92 min,"Action & Adventure, Classic Movies, Comedies",The Monty Python comedy clan skewers King Arthur and his Knights of the Round Table as they quest far and wide for the Holy Grail.
Ascharyachakit!,Samit Kakkad,India,2018,,90 min,"Dramas, Independent Movies, International Movies","Entangling the lives of a movie star, a chauffeur, a prostitute and a pimp, this bold drama reveals ugly truths beneath Mumbai’s glitzy veneer."
Dear Santa,Jason Priestley,Canada,2011,,92 min,"Comedies, Romantic Movies","Finding a letter mailed to Santa by a girl asking for a new wife for her daddy, twentysomething Crystal sets out to make the girl's wishes come true."
Running for Grace,David L. Cunningham,United States,2018,,110 min,"Dramas, Romantic Movies","In 1920s Hawaii, a young man of mixed race and the daughter of a white plantation owner must overcome racial and class prejudice to be together."
Red Christmas,Craig Anderson,Australia,2016,,81 min,Horror Movies,A family Christmas gathering at an isolated Australian estate turns into the holiday from hell after a mysterious stranger turns up at the door.
What a Wonderful Family!,Huang Lei,China,2017,,102 min,"Comedies, Dramas, International Movies","In a large family living under one roof, a storm brews when the matriarch requests a divorce from her husband on their 50th anniversary."
The Pursuit of Happyness,Gabriele Muccino,United States,2006,9,117 min,Dramas,"When Chris and his son are evicted, they face trying times as a desperate Chris accepts an unpaid internship at a stock brokerage firm."
Fishtronaut: The Movie,"Célia Catunda, Kiko Mistrorigo, Rodrigo Eba",Brazil,2018,,78 min,Children & Family Movies,"Fishtronaut, Marina and Zeek travel to the big city in search of Grandpa, only to find that everyone else has mysteriously vanished too."
Girlfriend's Day,Michael Paul Stephenson,United States,2017,,71 min,"Comedies, Independent Movies","When he's caught up in a deadly conspiracy, an unemployed greeting card writer must create the perfect card for a new holiday to save his skin."
Rodney King,Spike Lee,United States,2017,10,53 min,Dramas,Roger Guenveur Smith gives voice to the man at the center of the brutal police beating that helped fuel the 1992 LA riots. Spike Lee directs.
Monopoly (The Bank Of Luck),Ahmed El Gendy,Egypt,2017,,117 min,"Comedies, International Movies","Seeking revenge on his employer, a lazy bank agent and his two dim-witted friends concoct an elaborate but flawed heist."
Spanish Affair 2,Emilio Martínez Lázaro,Spain,2015,9,107 min,"Comedies, International Movies, Romantic Movies",Spanish provincialism is put into the spotlight as a man from the Basque Country embarks on a mission to keep his daughter from marrying a Catalan.
Cult of Chucky,Don Mancini,United States,2017,5,90 min,Horror Movies,"Following a string of murders in the asylum where she's confined, Nica Pierce begins to wonder whether Chucky is real after all."
Oh! Baby (Malayalam),B. V. Nandini Reddy,India,2019,,146 min,"Comedies, International Movies, Music & Musicals",A surly septuagenarian gets another chance at her 20s after having her photo snapped at a studio that magically takes 50 years off her life.
Natalia Valdebenito: Gritona,Natalia Valdebenito,United States,2017,,76 min,Stand-Up Comedy,"Chile's Natalia Valdebenito hits Santiago's Teatro Caupolicán with a one-woman show steeped in irony, a dash of improv and her own personal style."
You Get Me,Brent Bonacorso,United States,2017,,89 min,"Dramas, Thrillers","After a one-night stand, Holly develops a dangerous obsession with Tyler and transfers to his high school, desperate to keep their ""romance"" alive."
Pukar,Rajkumar Santoshi,India,2000,9,165 min,"Action & Adventure, Dramas, International Movies",A notorious terrorist manipulates an Indian army major's jilted lover into helping him obtain a classified military code.
Tom Segura: Mostly Stories,Jay Karas,United States,2016,,74 min,Stand-Up Comedy,"The bearded, bawdy and comically bitter Tom Segura gets real about body piercings, the ""Area 51"" of men's bodies, and the lie he told Mike Tyson."
We Belong Together,Chris Stokes,United States,2018,,83 min,Thrillers,A divorced professor shares a night of passion with a troubled student who quickly develops an unhealthy – perhaps deadly – infatuation.
My Suicide,David Lee Miller,United States,2009,,111 min,"Comedies, Dramas, Independent Movies","After declaring that he's going to film himself committing suicide for a school project, Archie videotapes reactions from friends and family."
3 Generations,Gaby Dellal,United States,2015,4,92 min,"Dramas, LGBTQ Movies","When teenage Ray begins transitioning from female to male, his single mom and grandmother must cope with the change while tracking down his father."
Hattrick,Milan Luthria,India,2007,10,109 min,"Comedies, Dramas, International Movies",Stories of personal victories coincide with Team India's battle for the Cricket World Cup in this engaging ensemble drama.
Virsa,Pankaj Batra,"India, Pakistan",2010,4,127 min,"Dramas, International Movies, Music & Musicals",A man is disheartened when he visits his well-to-do son and grandkids in Australia and sees they have detached from their traditional Indian morals.
Pee-wee's Big Holiday,John Lee,United States,2016,,90 min,"Children & Family Movies, Comedies, Cult Movies",A chance encounter with a mysterious stranger (Joe Manganiello) points Pee-wee toward his destiny – and his first-ever holiday!
Secrets of the Tower of London,Vicky Matthews,United Kingdom,2013,5,55 min,Documentaries,"Explore the storied history of the iconic Tower of London as it evolved from a royal castle into a dungeon prison and, finally, an armory and mint."
Blue Jasmine,Woody Allen,United States,2013,,98 min,"Comedies, Dramas, Independent Movies",The high life leads to high anxiety for a fashionable New York City homemaker in crisis who finds herself forced to live a more modest lifestyle.
Ghost Tears,Kazuchika Kise,Japan,2014,,58 min,"Action & Adventure, Anime Features, International Movies","As Motoko and Batou attempt to thwart a mysterious terrorist group, Togusa tracks the killer of a man with a prosthetic leg made by Mermaid's Leg."
Annabelle Hooper and the Ghosts of Nantucket,Paul Serafini,United States,2016,6,92 min,Children & Family Movies,"While vacationing on picturesque Nantucket, a crafty teenage mystery writer contends with two thieves as she tries to solve a ghostly conundrum."
Quién te cantará,Carlos Vermut,"Spain, France",2018,,125 min,"Dramas, Independent Movies, International Movies","When a near-drowning leaves a famous singer from the '90s with amnesia, she hires a karaoke singer who can imitate her to prep her for a comeback tour."
Bill Burr: You People Are All the Same,Jay Karas,United States,2012,8,69 min,Stand-Up Comedy,"Funnyman Bill Burr takes the stage to uncork a profanity-laced, incisive routine that pokes fun at plastic surgery, reality TV, gold diggers and more."
Superfly,Gordon Parks,United States,1972,6,91 min,"Action & Adventure, Classic Movies, Dramas","To get away from the thug life, cocaine dealer Youngblood Priest puts together one last deal that will net him enough money to start over."
The Super,Stephan Rick,United States,2017,,89 min,Horror Movies,"When an ex-cop becomes a superintendent of an apartment building, he suspects the sinister janitor is behind the eerie disappearances of its tenants."
Meghnadbodh Rohoshyo,Anik Datta,India,2017,,150 min,"Dramas, International Movies","A professor mysteriously vanishes, leaving behind a host of suspects, a shadowy history and a clue: the anonymous birthday gift of a Bengali classic."
Victim of Beauty,Roger Young,United States,1991,,93 min,"Dramas, Thrillers",A beauty pageant winner is stalked by a serial killer who kidnaps her sister and torments her family in this thriller based on a shocking true story.
Bad Rap,Salima Koroma,"United States, Canada",2016,,83 min,"Documentaries, Music & Musicals",Four young Asian-American rappers strive to achieve success on their own terms in a musical genre that often treats them as outsiders.
Yoga Hosers,Kevin Smith,United States,2016,,88 min,"Comedies, Horror Movies, Independent Movies","With an all-important high school party at stake, two teen yoga fanatics enlist a man hunter to help fight an army of monsters created by Nazis."
Face 2 Face,Matt Toronto,United States,2017,,89 min,"Dramas, Independent Movies","Two former friends, who now live far apart, learn about each other's insecurities and secrets over a series of video chats."
Misfit,Erwin van den Eshof,Netherlands,2017,,81 min,"Children & Family Movies, Comedies, International Movies","After living in America for years, a teenage girl moves back to the Netherlands and is quickly singled out as a misfit by the popular clique at school."
Di Renjie zhi Sidatianwang,Hark Tsui,"China, Hong Kong",2018,,132 min,"Action & Adventure, International Movies, Sci-Fi & Fantasy","Framed by an empress who plans to steal a dragon-taming mace, imperial magistrate Dee Renjie soon uncovers a greater plot that threatens the kingdom."
Sand Storm,Elite Zexer,"Israel, Germany, France",2016,8,88 min,"Dramas, Independent Movies, International Movies","When a Bedouin patriarch takes a second bride, his first wife chafes against her changing status while his daughter chases her own dreams of autonomy."
Katti Batti,Nikhil Advani,India,2015,9,132 min,"Comedies, Dramas, International Movies","After falling in love during college, architect Maddy and free spirit Payal have five wonderful years together, until a mystery suddenly divides them."
Beyond Skyline,Liam O'Donnell,"United Kingdom, China, Canada, Indonesia, Singapore, United States",2017,9,107 min,"Action & Adventure, Sci-Fi & Fantasy","In the wake of an extraterrestrial invasion, a suspended L.A. cop teams up with survivors to stop the onslaught and rescue human captives."
Cheese in the Trap,Lee Yoon-jung,South Korea,2016,,1 Season,"International TV Shows, Korean TV Shows, Romantic TV Shows","In this adaptation of a popular webtoon, a poor student trying to navigate college life gains the attention of a wealthy upperclassman with a dark side."
Power Rangers: Megaforce: The Robo Knight Before Christmas,James Barr,United States,2013,4,24 min,Children & Family Movies,Robo Knight learns the meaning of Christmas from a group of children when he is mistaken for a donated Christmas toy and is shipped to a foreign land.
Filmworker,Tony Zierra,United States,2017,,94 min,Documentaries,Leon Vitali had a thriving acting career most others would envy. Then he gave it all up to devote himself completely to the vision of Stanley Kubrick.
Rocky III,Sylvester Stallone,United States,1982,8,100 min,"Dramas, Sports Movies","After taking a pounding from a powerful young fighter, humbled world champ Rocky Balboa turns to ex-rival Apollo Creed for help in regaining his form."
The Imaginarium of Doctor Parnassus,Terry Gilliam,"United Kingdom, Canada, France, United States",2009,,123 min,"Action & Adventure, Sci-Fi & Fantasy","When a deal with the devil comes due, the immortal Doctor Parnassus must renegotiate the pact to save his daughter and right the wrongs of his past."
The Invisible Guest,Paulo Oriol,Spain,2016,8,106 min,"International Movies, Thrillers","After waking next to his now-dead lover in a hotel room, a young businessman hires a prominent lawyer to figure out how he ended up a murder suspect."
Oh! Baby (Tamil),B. V. Nandini Reddy,India,2019,7,146 min,"Comedies, International Movies, Music & Musicals",A surly septuagenarian gets another chance at her 20s after having her photo snapped at a studio that magically takes 50 years off her life.
My Perfect Romance,Justin G. Dyck,Canada,2018,,92 min,"International Movies, Romantic Movies","Just in time for Valentine's Day, a program developer pitches a revolutionary dating algorithm to her new CEO, who volunteers them as guinea pigs."
Monster Island,Leopoldo Aguilar,"India, Mexico",2017,6,81 min,Children & Family Movies,"When a teenager discovers he's not really human, he ventures out to a remote island to explore his roots and confronts a series of wild challenges."
Liss Pereira: Reteniendo líquidos,Fernando Ayllón,Brazil,2019,,59 min,Stand-Up Comedy,"A pregnant Liss Pereira shares hilariously uncomfortable truths about sex, love, attraction and the lies we tell in modern relationships."
Berserk: The Golden Age Arc III - The Advent,Toshiyuki Kubooka,Japan,2013,,107 min,"Action & Adventure, Anime Features, International Movies","A year after he left the Band of the Hawk, Guts rejoins them in an epic battle to vanquish the God Hand and save Griffith from a hellish fate."
The Bucket List,Rob Reiner,United States,2007,,97 min,"Comedies, Dramas",Two terminally ill men bust out of the cancer ward with a plan to experience life to the fullest before they kick the bucket.
Can't Help Falling in Love,Mae Czarina Cruz,Philippines,2017,8,120 min,"Comedies, Dramas, International Movies","Gab is eager to tie the knot with her handsome boyfriend, but there's a problem, and it's a doozy: She's already married to a total stranger."
The Matrix,"Lilly Wachowski, Lana Wachowski",United States,1999,5,136 min,"Action & Adventure, Sci-Fi & Fantasy","A computer hacker learns that what most people perceive as reality is actually a simulation created by machines, and joins a rebellion to break free."
The Figurine (Araromire),Kunle Afolayan,Nigeria,2009,10,121 min,"Horror Movies, International Movies, Thrillers","When a pair of friends discovers a mystical sculpture in an abandoned shrine, good fortune is bestowed upon them – until luck starts running out."
Mythily Veendum Varunnu,Sabu Varghese,India,2017,4,88 min,"Horror Movies, International Movies","After losing her father, a young woman moves to the city to earn money. When she finds a job at a mysterious bungalow, her worst nightmares come true."
Do Paise Ki Dhoop Chaar Aane Ki Baarish,Deepti Naval,India,2009,,121 min,"Dramas, Independent Movies, International Movies","When a sex worker hires a gay songwriter to care for her disabled son, the ensuing bonds that form offer a complex portrayal of love and family."
The Ryan White Story,John Herzfeld,United States,1989,7,94 min,Dramas,"After contracting HIV from a tainted blood treatment, teenaged hemophiliac Ryan White is forced to fight for his right to attend public school."
Naa Bangaaru Talli,Rajesh Touchriver,India,2013,6,122 min,"Dramas, International Movies","A father leading a dark double life and his daughter, who's eager to pursue her studies in Hyderabad, face the tragic consequences of sex trafficking."
Darna Mana Hai,Prawal Raman,India,2003,4,116 min,"Horror Movies, International Movies, Thrillers","Stranded in a jungle when their car breaks down, six friends pass their time exchanging horror stories, unaware that they may be part of one themselves."
Tere Naal Love Ho Gaya,Mandeep Kumar,India,2012,,127 min,"Comedies, International Movies, Romantic Movies","Mini isn't eager to wed the rich suitor who's been chosen for her, so she stages her own kidnapping and runs off with a man who works for her father."
Echo in the Canyon,Andrew Slater,United States,2019,,82 min,"Documentaries, Music & Musicals","An affectionate documentary looks back at the mid-1960s, when Hollywood’s Laurel Canyon was a creative nexus for young, innovative musicians."
Middle School: The Worst Years of My Life,Steve Carr,"United States, Cambodia",2016,7,92 min,"Children & Family Movies, Comedies","At Hills Village Middle School, budding cartoonist Rafe and best pal Leo challenge their uptight principal by breaking every rule in his handbook."
Leo the Lion,Mario Cambi,"United States, Italy",2013,,78 min,"Children & Family Movies, Comedies","Eschewing the carnivorous ways of his fellow lions, maverick Leo follows a vegetarian diet – causing the other lions to shun him."
Escape from Mr. Lemoncello’s Library,Scott McAboy,United States,2017,7,69 min,Children & Family Movies,An eccentric game designer builds a library full of traps and tricks for a group of kids who score the chance to navigate his elaborate scavenger hunt.
The Lobster,Yorgos Lanthimos,"Ireland, United Kingdom, Greece, France, Netherlands",2015,5,119 min,"Comedies, International Movies, Romantic Movies","In a near-future world, single people are hunted and forced to find mates within 45 days, or be turned into animals and banished to the wilderness."
The Water Diviner,Russell Crowe,"Australia, United States",2014,,111 min,"Dramas, International Movies","Years after the presumed death of his three sons in battle, a grieving farmer journeys to Turkey to find them and return them to their homeland."
P,Paul Spurrier,"United Kingdom, Thailand",2006,,105 min,"Horror Movies, International Movies","An orphan girl taught magic by her sick grandma must find work in seedy Bangkok, where unsavory characters run afoul of her increasingly dark powers."
The Wedding Party 2: Destination Dubai,Niyi Akinmolayan,Nigeria,2017,,98 min,"Comedies, International Movies, Romantic Movies","In this sequel to the 2016 hit ""The Wedding Party,"" a couple's date night ends in an accidental proposal, sparking a series of chaotic family events."
The Wedding Party,Kemi Adetiba,Nigeria,2016,10,101 min,"Comedies, Dramas, International Movies","As their big day arrives, a couple's lavish wedding plans turn into a nightmare of exes, fighting parents and uninvited guests."
The Blue Umbrella,Vishal Bhardwaj,India,2005,10,90 min,"Children & Family Movies, Dramas, Independent Movies","A charming allegory based on a novella by Ruskin Bond, this visually stunning film from India explores themes of greed, loneliness, longing and loss."
Tarif de nuit,Julien Seri,France,2015,10,81 min,"International Movies, Thrillers","A night out in Paris quickly unravels when two friends provoke the wrong taxi driver, who's after something bigger than cab fare."
Krystal,William H. Macy,United States,2017,,93 min,"Comedies, Dramas",A kid with a heart condition falls for an ex-stripper with a lot of baggage and joins her Alcoholics Anonymous group to catch her attention.
Mallesham,Raj R,India,2019,7,131 min,"Dramas, Independent Movies, International Movies","A self-trained engineer risks debt, love and reputation in his quest to improve the grueling work conditions of his mother and her weaving community."
Entanglement,Jason James,Canada,2018,,85 min,"Dramas, Independent Movies, Romantic Movies","After his ailing father makes a shocking confession, a desperately depressed man sets out to find the woman he believes will change his destiny."
Incomplete,Suman Mukhopadhyay,India,2017,,119 min,"Dramas, International Movies, Romantic Movies","A man returns to his childhood hometown, where he meets the happily married woman he once jilted, while his best friend endures a more volatile union."
Azhar,Anthony D'Souza,India,2016,,129 min,"Dramas, International Movies, Sports Movies","This biopic traces the tumultuous life and career of top cricket player Mohammad Azharuddin, who led India's national team in the 1990s."
A Wednesday,Neeraj Pandey,India,2008,4,103 min,"Action & Adventure, Dramas, International Movies","After receiving an anonymous tip about a bomb, a police commissioner must negotiate with the terrorist, who demands the release of four militants."
Jim Gaffigan: Mr. Universe,Jay Karas,United States,2012,5,77 min,Stand-Up Comedy,"Funnyman Jim Gaffigan offers up his unique take on everything from Disney World to overweight whales in this live show from Washington, D.C."
The Pursuit,John Papola,United States,2019,5,76 min,Documentaries,"In a time of turbulence for the free market system, one economist explores how it has lifted billions out of poverty, and might just save us all."
Cop Car,Jon Watts,United States,2015,,88 min,Thrillers,Two mischievous boys get thrust into a game of cat and mouse with a murderous psychopath after they decide to steal a police officer’s cruiser.
Swiped,Ann Deborah Fishman,United States,2018,,94 min,Comedies,"When two college roommates develop a groundbreaking hookup app, casual affairs – and complications – soon run rampant on campus."
Young Adult,Jason Reitman,United States,2011,8,94 min,"Comedies, Dramas, Independent Movies","When a divorced writer gets a letter from an old boyfriend announcing his wife's had a baby, she returns to her hometown to reconnect with her ex."
Sample This,Dan Forrer,United States,2012,10,83 min,"Documentaries, Music & Musicals","This doc traces the impact of the Incredible Bongo Band's ""Apache,"" which played a key role in the birth of hip-hop after Kool Herc began sampling it."
The Water Horse: Legend of the Deep,Jay Russell,"New Zealand, United Kingdom, Australia",2007,9,112 min,Children & Family Movies,A boy watches an egg he found hatch into something incredible. But how long can he keep such a big secret from his mom – and the Scottish government?
Joan Rivers: Don't Start with Me,Scott L. Montoya,United States,2012,,69 min,Stand-Up Comedy,"At 78, Joan Rivers has no interest in slowing down, and no one's immune from her caustic barbs in this stand-up special."
Late Life: The Chien-Ming Wang Story,Frank W Chen,"United States, Taiwan",2018,,98 min,"Documentaries, Sports Movies",Injuries sidelined the bright career of New York Yankees pitcher Chien-Ming Wang. This documentary captures his relentless battle back to the majors.
The World's Most Wanted Animal,Victoria Bromley,United Kingdom,2018,,53 min,Documentaries,"A conservationist shares her emotional journey in helping save rare, scaly mammals that have been illegally trafficked and now face extinction."
Æon Flux,Karyn Kusama,United States,2005,,93 min,"Action & Adventure, Sci-Fi & Fantasy","Aiming to hasten an uprising, the leader of an underground rebellion dispatches acrobatic assassin Aeon Flux to eliminate the government's top leader."
Pyar Ke Do Pal,Rajiv Mehra,India,1986,4,153 min,"Dramas, International Movies, Music & Musicals","Twins separated by a court order meet at camp and decide to reunite their parents, unaware of the dark secret that drove them apart years before."
Sairat,Nagraj Manjule,India,2016,9,173 min,"Dramas, International Movies, Romantic Movies","When two college students – a rich man’s daughter and a fisherman’s son – defy social edicts by falling in love, violence erupts in their village."
Old Money,David Schalko,United States,2015,,1 Season,"International TV Shows, TV Comedies, TV Dramas","Backstabbing, blackmail and revenge consume the dysfunctional family of a wealthy patriarch as they compete to find him a new liver at all costs."
Kristy,Oliver Blackburn,United States,2013,,85 min,Horror Movies,"Opting to stay on campus over the Thanksgiving holiday, coed Justine and a handful of friends find their break violently disrupted by a sadistic gang."
6 Balloons,Marja Lewis Ryan,United States,2018,,75 min,"Dramas, Independent Movies",A loyal sister struggles to stay afloat while driving her heroin-addicted brother to a detox center and looking after his 2-year-old daughter.
Game Over (Tamil Version),Ashwin Saravanan,"India, Turkey",2019,7,98 min,"Horror Movies, International Movies, Thrillers","As a series of murders hit close to home, a video game designer with post-traumatic stress must confront her demons, or risk becoming their victim."
Kickboxer: Retaliation,Dimitri Logothetis,United States,2017,9,110 min,Action & Adventure,"Sloan's vow to never return to Thailand is cut short when he's kidnapped and taken to a Thai prison, where he's forced to fight a 400-pound brute."
Little Miss Sumo,Matt Kay,United Kingdom,2018,7,20 min,"Documentaries, International Movies, Sports Movies","In an ancient sport traditionally reserved for men, 20-year-old female sumo prodigy Hiyori attempts to revolutionize Japan’s national pastime."
The American Meme,Bert Marcus,United States,2018,7,98 min,Documentaries,"Social media stars Paris Hilton, Josh Ostrovsky, Brittany Furlan and Kirill Bichutsky hustle to build online empires – and face the pitfalls of fame."
Death Note,Adam Wingard,United States,2017,,100 min,"Horror Movies, Thrillers","Light Turner finds a supernatural notebook and uses it to mete out death, attracting the attention of a detective, a demon and a girl in his class."
Babel,Alejandro G. Iñárritu,"France, United States, Mexico",2006,,143 min,"Dramas, Independent Movies","When an American couple vacationing in Morocco falls victim to a random act of violence, a series of events unfolds across four countries."
SDU: Sex Duties Unit,Gary Mak,Hong Kong,2013,,96 min,"Comedies, International Movies",Four man-children in an elite tactical unit gallivant around Macau for a weekend of debauchery that gets them in trouble with the law.
W/O Ram,Vijay Yelakanti,India,2018,5,115 min,"Dramas, International Movies, Thrillers","Frustrated with the stalled investigation into her husband's murder, a woman searches for the killer on her own, putting herself in grave danger."
Love for Sale,Andibachtiar Yusuf,Indonesia,2018,,101 min,"Dramas, International Movies, Romantic Movies","Richard accepts a bet that he can't find a companion to a friend's wedding, not knowing the dating app he's using includes a 45-day contract."
Justin Timberlake + the Tennessee Kids,Jonathan Demme,United States,2016,6,90 min,Music & Musicals,"On the final nights of a world tour, director Jonathan Demme captures what makes the show soar: gifted musicians, deft dancers and a magnetic star."
Painted Faces,Alex Law,Hong Kong,1988,,108 min,"Dramas, International Movies","In this dramatized rendition, students undergo rigorous study at Master Yu's Peking Opera school, a cradle for future Hong Kong film stars."
The Cloverfield Paradox,Julius Onah,United States,2018,7,102 min,"Action & Adventure, Sci-Fi & Fantasy","Orbiting above a planet on the brink of war, scientists test a device to solve an energy crisis and end up face-to-face with a dark alternate reality."
Monty Python: Before the Flying Circus,Will Yapp,United Kingdom,2000,7,56 min,"Comedies, Documentaries","Discover how six seemingly ordinary but supremely talented men became Monty Python, sketch comedy's revolutionary comedy troupe."
Bright,David Ayer,United States,2017,7,118 min,"Action & Adventure, Sci-Fi & Fantasy","In an LA rife with interspecies tensions, a human cop and his orc partner stumble on a powerful object and become embroiled in a prophesied turf war."
Ricky Gervais: Humanity,John L. Spencer,United Kingdom,2018,,79 min,Stand-Up Comedy,"In his first special in seven years, Ricky Gervais slings his trademark snark at celebrity, mortality and a society that takes everything personally."
